ID;SMILES;Affinity;ID_real
BACE_1;CCCCNC(=O)[C@H](C)C[C@H](O)[C@@H]2C[C@H](C)CCCCCN(CC)C(=O)c1cc(cc(c1)C(=O)N2)OCC;0.016;0
BACE_4;C[C@@H]1CCCCCCOCC(=O)N(C)[C@@H](C)C(=O)N[C@@H](C1)[C@H](O)CNC2(CC2)c3cc(ccc3)C(C)(C)C;0.0075;1
BACE_5;CCCC2=CC(CNC[C@@H](O)[C@@H]1C[C@H](C)CCCCCCOCC(=O)N(C)[C@@H](C)C(=O)N1)=NN2;0.4;2
BACE_6;CCN2CCCCC[C@@H](C)C[C@H](NC(=O)c1cc(ccc1)C2=O)[C@H](O)CNCc3cc(ccc3)C(C)C;0.021;3
BACE_7;CC(C)c5cc(CNC[C@@H](O)[C@@H]4C[C@H](C)CCCCCN([C@H](C)c1ccccc1)C(=O)c2cc(cc(c2)C3=NC=CO3)C(=O)N4)ccc5;0.002;4
BACE_8;CC(C)c3cccc(CNC[C@@H](O)[C@@H]2C[C@H](C)CCOCCCCNc1cc(cc(Cl)n1)C(=O)N2)c3;0.031;5
BACE_9;COCc1cc2cc(c1)C(=O)N[C@@H](C[C@H](C)CCCCCCCN2)[C@H](O)CNCc3cc(ccc3)C(C)C;0.093;6
BACE_10;COCc1cc2cc(c1)C(=O)N[C@@H](C[C@H](C)CCOCCCCN2)[C@H](O)CNCc3cc(ccc3)C(C)C;0.57;7
BACE_11;CC(C)c3cc(CNC[C@@H](O)[C@@H]2Cc1cc(ccc1)OCCCCCC(=O)N(C)[C@@H](C)C(=O)N2)ccc3;0.032;8
BACE_12;COc4cc1cc(NCCCCc3cccc(C[C@H](NC1=O)[C@H](O)CNCc2cccc(c2)C(C)C)c3)n4;0.0078;9
BACE_13;COC[C@H]1CN[C@H](CO1)[C@@H](O)[C@@H]4Cc2cccc(c2)OCCCCNc3cc(COC)cc(c3)C(=O)N4;8.3;10
BACE_14;CC(C)c1cc(ccc1)C2(CC2)NC[C@@H](O)[C@@H]5Cc3cc(ccc3)OCCCCNc4cc(cc(c4)C(=O)N5)C(C)=O;0.009;11
BACE_15;COCc1cc3cc(c1)C(=O)N[C@@H](Cc2cc(ccc2)OCCCCO3)[C@H](O)CNCc4cc(ccc4)C(C)C;0.072;12
BACE_16;CC(=O)COc1cc3cc(c1)C(=O)N[C@@H](Cc2cc(ccc2)OCCCCO3)[C@H](O)CNCc4cc(ccc4)C(C)C;0.034;13
BACE_19;CCCCNC(=O)[C@H](C)C[C@H](O)[C@@H]1C[C@H](C)CCc2cccc(CS(=O)(=O)C[C@@H](C)C(=O)N1)c2;0.26;14
BACE_20;CCCCNC(=O)[C@H](C)C[C@H](O)[C@H](Cc1ccccc1)NC(=O)c2cc(NCCCC)nc(c2)OC;0.77;15
BACE_21;CC(C)c2cc(CNC[C@@H](O)[C@@H]1C[C@H](C)CC/C=C/CCCCC(=O)N(C)[C@@H](C)C(=O)N1)ccc2;0.3;16
BACE_22;C[C@H](NC[C@@H](O)[C@@H]1C[C@H](C)CCCCCCCCC(=O)N(C)[C@@H](C)C(=O)N1)c2cccc(Br)c2;0.055;17
BACE_23;C[C@@H]1CCCCCCCCC(=O)N(C)[C@@H](C)C(=O)N[C@@H](C1)[C@H](O)CNC2(CC2)c3cc(ccn3)C(C)(C)C;0.002;18
BACE_24;CCOc2cc(CNC[C@@H](O)[C@@H]1C[C@H](C)CCCCCCCCC(=O)N(C)[C@@H](C)C(=O)N1)c(cc2)C(F)(F)F;0.053;19
BACE_25;CC(C)Cc2cc(CNC[C@@H](O)[C@@H]1C[C@H](C)CC/C=C/CCCCC(=O)N(C)[C@@H](C)C(=O)N1)cnc2;0.13;20
BACE_26;CC(C)Cc1cc(cnc1)C(C)(C)NC[C@@H](O)[C@@H]2C[C@H](C)CCCCCCCCC(=O)N(C)[C@@H](C)C(=O)N2;0.27;21
BACE_27;C[C@@H]1CCCCCCCCC(=O)N(C)[C@@H](C)C(=O)N[C@@H](C1)[C@H](O)CNC(C)(C)C2C=C(CC(C)(C)C)ON=2;0.0058;22
BACE_28;C[C@@H]1CCCCCCCCC(=O)N(C)[C@@H](C)C(=O)N[C@@H](C1)[C@H](O)CNC(C)(C)c2cccc(Br)c2;0.23;23
BACE_29;C[C@@H]1CCCCCCCCC(=O)N(C)[C@@H](C)C(=O)N[C@@H](C1)[C@H](O)CNCC2C=C(CC(C)(C)C)ON=2;0.0035;24
BACE_30;C[C@H](NC[C@@H](O)[C@@H]1C[C@H](C)CCCCCCCCC(=O)N(C)[C@@H](C)C(=O)N1)C2C=C(CC(C)(C)C)ON=2;0.001;25
BACE_31;C[C@@H]1CCCCCCCCC(=O)N(C)[C@@H](C)C(=O)N[C@@H](C1)[C@H](O)CNC(C)(C)C2=NN=C(CC(C)(C)C)S2;0.24;26
BACE_32;CC(C)c2cccc(CNC[C@@H](O)[C@@H]1C[C@H](C)CCCCCCCCC(=O)N(C)CC(=O)N1)c2;0.36;27
BACE_33;CC(C)c2cc(CNC[C@@H](O)[C@@H]1C[C@H](C)CCCCC[C@H](C)CCC(=O)N(C)[C@@H](C)C(=O)N1)ccc2;0.019;28
BACE_34;CC(C)c2cccc(CNC[C@@H](O)[C@@H]1C[C@H](C)CCCCCOCC(=O)N(C)[C@@H](C)C(=O)N1)c2;1;29
BACE_35;C[C@@H]1CCCCCCOCC(=O)N(C)[C@@H](C)C(=O)N[C@@H](C1)[C@H](O)CNCc2cncc(Br)c2;0.51;30
BACE_36;CC(C)Oc1ccc(cc1CNC[C@@H](O)[C@@H]2C[C@H](C)CCCCCCOCC(=O)N(C)[C@@H](C)C(=O)N2)C3CC3;1.5;31
BACE_37;C[C@@H]1CCCCCCNC(=O)C[C@@H](C)C(=O)N[C@@H](C1)[C@H](O)CNCc2cccc(c2)C(C)(C)C;5.9;32
BACE_38;C[C@@H]1CCCCCCCCS(=O)(=O)C[C@@H](C)C(=O)N[C@@H](C1)[C@H](O)CNC2(CC2)c3cc(ccc3)C(C)(C)C;0.024;33
BACE_39;C[C@H](NC[C@@H](O)[C@@H]1C[C@H](C)CCCCCCCCS(=O)(=O)C[C@@H](C)C(=O)N1)C2C=C(CC(C)(C)C)ON=2;0.021;34
BACE_40;CCN3CCCCC[C@@H](C)C[C@H](NC(=O)c1cc(cc(c1)C2=NC=CO2)C3=O)[C@H](O)CNCc4cc(ccc4)C(C)C;0.0035;35
BACE_41;CC(C)c3cccc(CNC[C@@H](O)[C@@H]2C[C@H](C)CCCCCCCNc1cc(cc(C)n1)C(=O)N2)c3;0.029;36
BACE_42;CC(C)c3cccc(CNC[C@@H](O)[C@@H]2C[C@H](C)CCCCCCCN(C)c1cc(ccn1)C(=O)N2)c3;0.74;37
BACE_43;COc3cc1cc(NCCCCCCC[C@@H](C)C[C@H](NC1=O)[C@H](O)CNCc2cc(ccc2)C(C)C)n3;0.014;38
BACE_44;CC(C)c3cccc(CNC[C@@H](O)[C@@H]2C[C@H](C)CCCCCCN(C)c1cc(cc(C)n1)C(=O)N2)c3;2.1;39
BACE_45;CC(C)c3cccc(CNC[C@@H](O)[C@@H]2C/C(/C)=C/CCCCCCNc1cc(cc(C)n1)C(=O)N2)c3;0.0073;40
BACE_46;CC(C)c3cccc(CNC[C@@H](O)[C@@H]2C[C@H](C)C/C=C/CCCCNc1cc(cc(Cl)n1)C(=O)N2)c3;0.0095;41
BACE_47;COCc4cc1cc(NCCCCOCC[C@@H](C)C[C@H](NC1=O)[C@H](O)CNC2(CC2)c3cc(ccc3)C(C)(C)C)n4;0.0055;42
BACE_48;C[C@@H]2CCOCCCCNc1cc(cc(C)n1)C(=O)N[C@@H](C2)[C@H](O)CNC(C)(C)C3C=C(CC(C)(C)C)ON=3;0.083;43
BACE_49;CC(C)c3cccc(CNC[C@@H](O)[C@@H]2/C=C(\C)/CCOCCCCNc1cc(cc(Cl)n1)C(=O)N2)c3;0.47;44
BACE_50;CC(C)c4cc(CNC[C@@H](O)[C@@H]2C[C@H](C)CCCCCCN(Nc1cc(cc(C)n1)C(=O)N2)C(=O)c3ccc(F)cc3)ccc4;0.046;45
BACE_51;CC(C)c3cccc(CNC[C@@H](O)[C@@H]2C[C@H](C)CCCCCCCOc1cc(cc(Cl)n1)C(=O)N2)c3;0.029;46
BACE_52;CC(C)c1cc(ncc1)C2(CC2)NC[C@@H](O)[C@@H]4C[C@H](C)CCCCCCCOc3cc(cc(Cl)n3)C(=O)N4;0.0075;47
BACE_53;CC(C)c3cccc(CNC[C@@H](O)[C@@H]2C[C@H](C)CCCCCCCCc1cc(ccn1)C(=O)N2)c3;10;48
BACE_54;CC(C)c3cccc(CNC[C@@H](O)[C@@H]2C[C@H](C)CCOCCCOc1cc(cc(C)n1)C(=O)N2)c3;1.7;49
BACE_55;CC(C)c1cc(ccc1)C(C)(C)NC[C@@H](O)[C@@H]3C[C@H](C)CCCCCCCNc2cc(ccc2)C(=O)N3;0.54;50
BACE_56;C[C@@H]2CCCCCCCNc1cc(ccc1)C(=O)N[C@@H](C2)[C@H](O)CNC3(COC3)c4cc(ccc4)C(C)(C)C;0.17;51
BACE_57;C[C@@H]2CCCCCCCNc1cc(ccc1)C(=O)N[C@@H](C2)[C@H](O)CNC(C)(C)C3C=C(CC(C)(C)C)ON=3;0.023;52
BACE_58;C[C@@H]2CCCCCCCNc1cc(ccc1)C(=O)N[C@@H](C2)[C@H](O)CNCC3C=C(NN=3)C(C)(C)C;1.9;53
BACE_59;C[C@@H]2CCCCCCCNc1cc(cc(c1)C(=O)N[C@@H](C2)[C@H](O)CNC3(CC3)c4cc(ccn4)C(C)(C)C)C5=NC=CO5;0.0017;54
BACE_60;COCc1cc2cc(c1)C(=O)N[C@@H](C[C@H](C)CCCCCCCN2)[C@H](O)CNC3(COC3)c4cc(ccc4)C(C)(C)C;0.033;55
BACE_61;COCc1cc2cc(c1)C(=O)N[C@@H](C[C@H](C)CCCCCCCN2)[C@H](O)CNCc3cc(cc(c3)OC)OC;1.5;56
BACE_62;COCc1cc2cc(c1)C(=O)N[C@@H](C[C@H](C)CCCCCCCN2)[C@H](O)CNCc4cc3OCCCOc3cc4;3.4;57
BACE_63;COCc1cc2cc(c1)C(=O)N[C@@H](C[C@H](C)CCCCCCCN2)[C@H](O)CN[C@H]4CC(C)(C)Oc3ccc(cc34)C(C)C;0.001;58
BACE_64;CCCC3=CC(CNC[C@@H](O)[C@@H]2C[C@H](C)CCCCCCCNc1cc(COC)cc(c1)C(=O)N2)=NO3;0.57;59
BACE_65;COCc1cc2cc(c1)C(=O)N[C@@H](C[C@H](C)CCCCCCCN2)[C@H](O)CNCCc3ccncc3;1.7;60
BACE_66;CC(C)c3cc(CNC[C@@H](O)[C@@H]2C[C@H](C)CC/C=C/CCCNc1cc(CO)cc(c1)C(=O)N2)ccc3;0.35;61
BACE_67;C[C@@H]2CC/C=C/CCCNc1cc(cc(CO)c1)C(=O)N[C@@H](C2)[C@H](O)CNCC3C=C(CC(C)(C)C)ON=3;0.21;62
BACE_68;C[C@@H]2CCCCCCCNc1cc(cc(c1)C(=O)N[C@@H](C2)[C@H](O)CNC3(CC3)c4cc(ccc4)C(C)(C)C)C(=O)N(C)C;0.0015;63
BACE_69;CC(C)c3cc(CNC[C@@H](O)[C@@H]2C[C@H](C)CCCCCCCN(c1cc(cc(c1)N(C)S(C)(=O)=O)C(=O)N2)S(C)(=O)=O)ccc3;1.9;64
BACE_70;CC(C)c1cc(ccc1)C(C)(C)NC[C@@H](O)[C@@H]3C[C@H](C)CCCCCCCNc2cccc(n2)C(=O)N3;2.9;65
BACE_71;CC(C)c4cc(CNC[C@@H](O)[C@@H]2C[C@@H]3CC[C@H](CCCCCNc1cc(cc(c1)C(=O)N2)C(F)(F)F)C3)ccc4;0.34;66
BACE_72;CCOc3cc(CNC[C@@H](O)[C@@H]2C[C@H](C)CCOCCCCNc1cc(ccc1)C(=O)N2)c(cc3)C(F)(F)F;8.9;67
BACE_73;CCOc3cc(CNC[C@@H](O)[C@@H]2C[C@H](C)CCOCCCCNc1cc(ccc1)C(=O)N2)cc(c3)C(F)(F)F;6.3;68
BACE_74;C[C@@H]2CCOCCCCNc1cc(ccc1Cl)C(=O)N[C@@H](C2)[C@H](O)CNCc3cc(ccn3)C(C)(C)C;0.15;69
BACE_75;COCc1cc2cc(c1)C(=O)N[C@@H](C[C@H](C)CCOC/C=C/CN2)[C@H](O)CNC3(CC3)c4cc(ccc4)C(C)(C)C;0.06;70
BACE_76;COCc1cc2cc(c1)C(=O)N[C@@H](C[C@H](C)CCOCCCCN2)[C@H](O)CNCc3cc(ccc3F)C(F)(F)F;5.6;71
BACE_77;COCc1cc2cc(c1)C(=O)N[C@@H](C/C(/C)=C\COCCCCN2)[C@H](O)CNC3(CC3)c4cc(ccc4)C(C)C;0.079;72
BACE_78;C[C@@H]2CCCCCCCOc1cc(ccc1)C(=O)N[C@@H](C2)[C@H](O)CNCc3cc(CC(C)(C)C)cnc3;0.88;73
BACE_79;C[C@H](NC[C@@H](O)[C@@H]2C[C@H](C)CCCCCCCOc1cc(ccc1)C(=O)N2)C3C=C(CC(C)(C)C)ON=3;0.3;74
BACE_80;CC(C)c4cc(CNC[C@@H](O)[C@@H]3C[C@H](C)CCCCCCCOc1cc(cc(c1)C2=NC=CO2)C(=O)N3)ccc4;0.068;75
BACE_81;C[C@@H]2CCCCCCCOc1cc(cc(c1)C(=O)N[C@@H](C2)[C@H](O)CNC3(CC3)c4cc(ccn4)C(C)(C)C)C5=NC=CO5;0.0085;76
BACE_82;CC(C)c3cc(CNC[C@@H](O)[C@@H]2C[C@H](C)CCCCCCCOc1cc(cc(c1)C(=O)N2)N(C)S(C)(=O)=O)ccc3;0.011;77
BACE_83;C[C@@H]2CCCCCCCOc1cc(cc(c1)C(=O)N[C@@H](C2)[C@H](O)CNC3(CC3)c4cc(ccn4)C(C)(C)C)C(=O)N(C)C;0.006;78
BACE_84;C[C@@H]2CCCCCCCOc1cc(ccn1)C(=O)N[C@@H](C2)[C@H](O)CNC(C)(C)C3C=C(CC(C)(C)C)ON=3;0.031;79
BACE_85;CC(C)c3cc(CNC[C@@H](O)[C@@H]2C[C@H](C)CCCCCCCCC(=O)N1CCCC[C@H]1C(=O)N2)ccc3;1.5;80
BACE_86;CC(C)c3cc(CNC[C@@H](O)[C@@H]2C[C@H](C)CCCCCCCC[C@@]1(O)CCC[C@H](C1)C(=O)N2)ccc3;1.7;81
BACE_87;C[C@H]1C(=O)N[C@@H](Cc2cc(CCCCCCC(=O)N1C)ccc2)[C@H](O)CNCc3cc(cnc3)C4CC4;1.1;82
BACE_88;CC(C)c4cc(CNC[C@@H](O)[C@@H]2Cc3cc(Cc1ccccc1OCC(=O)N[C@@H](C)C(=O)N2)c(O)cc3)ccc4;4.3;83
BACE_89;CC(C)c4cc(CNC[C@@H](O)[C@@H]2Cc1cc(ccc1)OCCCCO[C@H]3CCN(CC(=O)N2)C3=O)ccc4;0.26;84
BACE_90;C[C@H]2C(=O)N[C@@H](Cc1cccc(c1)OCCCCCC(=O)N2C)[C@H](O)CNC3(CC3)c4cccc(Br)c4;0.17;85
BACE_91;CC(C)c1cc2c(cc1)OC(C)(C)C[C@@H]2NC[C@@H](O)[C@@H]4Cc3cc(ccc3)OCCCCCC(=O)N(C)[C@@H](C)C(=O)N4;0.002;86
BACE_92;C[C@@H]1CC(=O)NCCCCOc3cc(C[C@H](NC1=O)[C@H](O)CNCc2cc(ccc2)C(C)(C)C)ccc3;0.069;87
BACE_93;C[C@@H]1CC(=O)NCCCCOc4cc(C[C@H](NC1=O)[C@H](O)CNC2(CCCCC2)c3cc(ccc3)C(C)(C)C)ccc4;0.01;88
BACE_94;CC(C)c3cccc(CNC[C@@H](O)[C@@H]2Cc1cccc(c1)OCCCCS(=O)(=O)C[C@@H](C)C(=O)N2)c3;0.029;89
BACE_95;C[C@@H]1CS(=O)(=O)CCCCOc4cccc(C[C@H](NC1=O)[C@H](O)CNC2(CC2)c3cccc(Br)c3)c4;0.068;90
BACE_96;CC(C)(C)CC1=CC(=NO1)C(C)(C)NC[C@@H](O)[C@@H]4Cc2cc(ccc2)OCCCCOc3cc(Cl)cc(c3)C(=O)N4;0.008;91
BACE_97;Cc4cc1cc(NCCCCc3cccc(C[C@H](NC1=O)[C@H](O)CNCc2cc(ccn2)C(C)(C)C)c3)n4;0.003;92
BACE_98;CC(C)c1ccnc(c1)C2(CC2)NC[C@@H](O)[C@@H]4Cc5cccc(CCCCNc3cc(cc(Cl)n3)C(=O)N4)c5;0.0005;93
BACE_99;COc1cc2cc(n1)N(C)CCCCc4cccc(C[C@H](NC2=O)[C@H](O)CNCc3cccc(c3)C(C)C)c4;0.089;94
BACE_100;COc2ccc3C[C@H](NC(=O)c1cc(Cl)nc(c1)NCCCCOc2c3)[C@H](O)CNCc4cc(ccc4)C(C)C;0.039;95
BACE_101;CC(C)c4cc(CNC[C@@H](O)[C@@H]3Cc1cc(ccc1)OCCCCN(C(C)=O)c2cc(cc(C)n2)C(=O)N3)ncc4;5.5;96
BACE_102;Cc5cc1cc(NC/C=C/COc4cc(C[C@H](NC1=O)[C@H](O)CNC2(CC2)c3cc(ccc3)C(C)(C)C)ccc4F)n5;0.1;97
BACE_103;CC(C)(C)c4ccnc(CNC[C@@H](O)[C@@H]3Cc1cccc(c1)OC/C=C/CNc2cc(cc(Cl)n2)C(=O)N3)c4;0.089;98
BACE_104;NC[C@@H](O)[C@@H]3Cc1cccc(c1)OC/C=C/CNc2cc(cc(Cl)n2)C(=O)N3;40;99
BACE_105;CC(C)c4cccc(CNC[C@@H](O)[C@@H]3Cc1cc(C)cc(c1)OCCCCNc2cc(cc(Cl)n2)C(=O)N3)c4;0.068;100
BACE_106;CC(C)c1cccc(c1)C(C)(C)NC[C@@H](O)[C@@H]3Cc4cccc(CCCCOc2cc(cc(C)n2)C(=O)N3)c4;0.15;101
BACE_107;CC(C)c1cccc(c1)C(C)(C)NC[C@@H](O)[C@@H]3Cc4cc(Cl)c(O)c(CCCCOc2cc(cc(C)n2)C(=O)N3)c4;0.047;102
BACE_108;Cc1cc2cc(n1)OCCCCc4cc(C[C@H](NC2=O)[C@H](O)CNC(C)(C)C3C=C(CC(C)(C)C)ON=3)cc(Cl)c4O;0.016;103
BACE_109;CC(C)(C)CC1=CC(=NO1)C(C)(C)NC[C@@H](O)[C@@H]4Cc2cc(ccc2)OCCCCOc3cc(cnc3)C(=O)N4;0.0045;104
BACE_110;Cc1cc2cc(n1)OCCCCOc4cc(C[C@H](NC2=O)[C@H](O)CNC(C)(C)C3C=C(SN=3)C(C)(C)C)ccc4;0.12;105
BACE_111;CC(C)c1cc2c(cc1)OC(C)(C)C[C@@H]2NC[C@@H](O)[C@@H]5Cc3cc(ccc3)OCCCCOc4cc(cc(C)n4)C(=O)N5;0.003;106
BACE_112;CC(C)c1cc(ccc1)C2(CC2)NC[C@@H](O)[C@@H]6Cc3cc(ccc3)OCc4ccccc4COc5cc(cc(C)n5)C(=O)N6;1.4;107
BACE_113;CC(C)c4cccc(CNC[C@@H](O)[C@@H]2Cc3cccc(CCCCCc1cc(cc(C)n1)C(=O)N2)c3)c4;1.6;108
BACE_114;CC(C)c1cc(ccc1)C(C)(C)NC[C@@H](O)[C@@H]4Cc2cc(ccc2)OCCCCNc3cc(cnc3)C(=O)N4;0.057;109
BACE_115;CC(C)c1cccc(c1)C(C)(C)NC[C@@H](O)[C@@H]3Cc4cccc(CCCCNc2cccc(c2)C(=O)N3)c4;0.29;110
BACE_116;CC(C)c1cccc(c1)C(C)(C)NC[C@@H](O)[C@@H]3Cc4cc(F)c(N)c(CCCCNc2cccc(c2)C(=O)N3)c4;0.12;111
BACE_117;COCc1cc3cc(c1)C(=O)N[C@@H](Cc2cc(ccc2)OCCCCN3)[C@H](O)CNC(C)(C)C4C=C(CC(C)(C)C)ON=4;0.0065;112
BACE_118;CC(C)c4cccc(CNC[C@@H](O)[C@@H]2Cc3cccc(CCCCN(C)c1cccc(c1)C(=O)N2)c3)c4;1;113
BACE_119;CC(C)(C)c1cc(ncc1)C2(CC2)NC[C@@H](O)[C@@H]5Cc6cc(CCCCNc3cc(cc(c3)C4=NC=CO4)C(=O)N5)ccc6;0.0015;114
BACE_120;CC(C)(NC[C@@H](O)[C@@H]2Cc3cccc(CCCCNc1cncc(c1)C(=O)N2)c3)c4cccc(Br)c4;0.59;115
BACE_121;CC(C)(NC[C@@H](O)[C@@H]3Cc4cc(CCCCNc2cc(c[n+](Cc1ccccc1)c2)C(=O)N3)ccc4)c5cc(Br)ccc5;3.6;116
BACE_122;CC(C)c1cc(ccc1)C(C)(C)NC[C@@H](O)[C@@H]4Cc2cc(ccc2)OCCCCNc3cccc(n3)C(=O)N4;2.3;117
BACE_123;CC(C)Cc1cc(cnc1)C(C)(C)NC[C@@H](O)[C@@H]4Cc2cc(ccc2)OCCCCNc3cc(ccc3)C(=O)N4;0.26;118
BACE_124;COCc1cc3cc(c1)C(=O)N[C@@H](Cc2cc(ccc2)OCCCCN3)[C@H](O)CNC(C)(C)c4cc(ccn4)C(C)(C)C;0.025;119
BACE_125;C[C@H](NC[C@@H](O)[C@@H]3Cc1cc(ccc1)OCCCCOc2cc(cnc2)C(=O)N3)C4C=C(CC(C)(C)C)ON=4;0.006;120
BACE_126;COCc1cc3cc(c1)C(=O)N[C@@H](Cc2cccc(c2)OCCCCN3)[C@H](O)CN;13;121
BACE_127;COCc1cc3cc(c1)C(=O)N[C@@H](Cc2cc(ccc2)OCCCCN3)[C@H](O)CNCC4C=NN(CC(C)C)C=4;0.1;122
BACE_128;COCc1cc3cc(c1)C(=O)N[C@@H](Cc2cc(ccc2)OCCCCN3)[C@H](O)CN[C@H]5CC(C)(C)Oc4ccc(cc45)C(C)C;0.0025;123
BACE_129;COCc1cc3cc(c1)C(=O)N[C@@H](Cc2cc(ccc2)OCCCCN3)[C@H](O)CNCC4C=C(CC(C)(C)C)ON=4;0.014;124
BACE_130;COc2ccc3C[C@H](NC(=O)c1cc(CO)cc(c1)NCCCCOc2c3)[C@H](O)CNCc4cc(ccc4)C(C)C;0.96;125
BACE_131;CN(C)C(=O)c1cc2cc(c1)C(=O)N[C@@H](Cc3cc(OC/C=C/CN2)c(F)cc3)[C@H](O)CNC4(CC4)c5cc(ccc5)C(C)(C)C;0.041;126
BACE_132;CC(C)c5cc(CNC[C@@H](O)[C@@H]3Cc4cc(CCCCOc1cc(cc(c1)C2=NC=CO2)C(=O)N3)ccc4)ccc5;0.25;127
BACE_133;CC(=O)COc1cc2cc(c1)C(=O)N[C@@H](Cc3cc(CCCCO2)ccc3)[C@H](O)CNC4(CC4)c5cc(ccn5)C(C)(C)C;0.002;128
BACE_134;COC(=O)c1cc2cc(c1)C(=O)N[C@@H](Cc3cc(CCCCO2)ccc3)[C@H](O)CNCc4cc(ccc4)C(C)C;0.18;129
BACE_135;CC(=O)COc1cc2cc(c1)C(=O)N[C@@H](Cc3cc(CCCCO2)ccc3)[C@H](O)CNCc4cc(ccn4)C(C)(C)C;0.01;130
BACE_136;CC(C)c5cc(CNC[C@@H](O)[C@@H]3Cc4cc(CCCCOc1cc(cc(c1)N2CCCC2=O)C(=O)N3)ccc4)ncc5;0.027;131
BACE_137;CC(C)c4cccc(CNC[C@@H](O)[C@@H]2Cc3cccc(CCCCOc1cncc(c1)C(=O)N2)c3)c4;0.48;132
BACE_138;CC(C)(NC[C@@H](O)[C@@H]3Cc1cccc(c1)OCCCCOc2cncc(c2)C(=O)N3)c4cccc(Br)c4;0.29;133
BACE_139;CC(C)c4ccnc(CNC[C@@H](O)[C@@H]3Cc1cccc(c1)OCCCCOc2cccc(c2)C(=O)N3C)c4;37;134
BACE_140;COCc1cc3cc(c1)C(=O)N[C@@H](Cc2cc(ccc2)OCCCO3)[C@H](O)CNC4(CC4)c5cc(ccc5)C(C)C;0.078;135
BACE_141;CCc4cc(CNC[C@@H](O)[C@@H]3Cc1cc(ccc1)OCCCCOc2cc(cc(c2)C(=O)N3)C(=O)N(C)C)ncn4;1.7;136
BACE_142;COc1cc2cc(c1)C3=N[C@@H](C[C@H](C)CCCCCCCN2)[C@H](CO)O3;4.5;137
BACE_143;C[C@@H]1CCCCCCCCC(=O)N(C)[C@@H](C)C(=O)N[C@@H](C1)[C@H](O)CO;61;138
BACE_144;COCc1cc5cc(c1)C(=O)O[C@@H](CNC2(CC2)c3cc(ccc3)C(C)C)[C@@H](N)Cc4cc(ccc4)OCCCCN5;6.4;139
BACE_145;CCCNc1cc(COC)cc(c1)C(=O)N[C@@H](Cc2cc(ccc2)OC)[C@H](O)CNC3(CC3)c4cc(ccc4)C(C)C;1.2;140
BACE_146;CCCNc1cc(COC)cc(c1)C(=O)N[C@@H](Cc2cc(ccc2)OC)[C@H](O)CNCc3cc(ccc3)C(C)C;3.1;141
BACE_147;CCCCNC(=O)[C@H](C)C[C@H](O)[C@@H]1C[C@H](C)CCCC[C@H](C)CCC(=O)N[C@@H](C)C(=O)N1;0.92;142
BACE_148;CCCCNC(=O)[C@H](C)C[C@H](O)[C@@H]1C[C@H](C)CCCCC[C@H](C)CCC(=O)N(C)[C@@H](C)C(=O)N1;0.041;143
BACE_149;CCCCNC(=O)[C@H](C)C[C@H](O)[C@@H]1C[C@H](C)CCCCCCC[C@H](NC(=O)OC(C)(C)C)C(=O)N[C@@H](C)C(=O)N1;0.003;144
BACE_150;CCCCNC(=O)[C@H](C)C[C@H](O)[C@@H]2C[C@H](C)CCCCCCC[C@H](NC(=O)c1ccncc1)C(=O)N[C@@H](C)C(=O)N2;0.0005;145
BACE_151;CCCCNC(=O)[C@H](C)C[C@H](O)[C@@H]1C[C@H](C)CCCCCCCCS(=O)(=O)C[C@@H](C)C(=O)N1;0.56;146
BACE_152;CCCCNC(=O)[C@H](C)C[C@H](O)[C@@H]2C[C@H](C)CCCCCCNc1cc(cc(n1)OC)C(=O)N2;0.46;147
BACE_153;CCCCNC(=O)[C@H](C)C[C@H](O)[C@@H]2Cc1cc(ccc1)OCCCCCC(=O)N[C@@H](C)C(=O)N2;0.69;148
BACE_154;CCCCNC(=O)[C@H](C)C[C@H](O)[C@@H]2Cc3cc(CCCCCNc1cc(cc(n1)OC)C(=O)N2)ccc3;0.13;149
BACE_155;CCCCNC(=O)[C@H](C)C[C@H](O)[C@@H]2Cc3cccc(CCCCNc1cc(cc(C)n1)C(=O)N2)c3;0.24;150
BACE_156;CCCCNC(=O)[C@H](C)C[C@H](O)[C@@H]2Cc1cccc(c1)OCCCCS(=O)(=O)C[C@@H](C)C(=O)N2;0.11;151
BACE_157;CCCCNC(=O)[C@H](C)C[C@H](O)[C@@H]2Cc3cc(Cc1ccccc1OCC(=O)N[C@@H](C)C(=O)N2)c(O)cc3;0.12;152
BACE_158;CCCCNC(=O)[C@H](C)C[C@H](O)[C@@H]2Cc3ccc(O)c(Cc1ccccc1OCCCCC(=O)N2)c3;4;153
